<?xml version="1.0" encoding="UTF-8"?>
<!DOCTYPE mapper PUBLIC "-//mybatis.org//DTD Mapper 3.0//EN" "http://mybatis.org/dtd/mybatis-3-mapper.dtd">
<mapper namespace="com.yuanneng.book.help.dao.IHelpDao">
   <!-- ************************用户sql******************************* -->
  <!-- 插入信息-->
    <insert id="insertHelp" parameterType="com.yuanneng.book.help.entity.HelpBean">
        INSERT INTO ${schema}.t_help (
            id
,title
,province_val
,province
,city_val
,city
,content
,status
,delFlg
,createTime
,createUser

         ) VALUES (
            #{id},
            #{title},
            #{province_val},
            #{province},
            #{city_val},
            #{city},
            #{content},
            0,
            0,
            SYSDATE(),
            #{createUser}
        )
    </insert>
    
    <update id="updateHelp" parameterType="com.yuanneng.book.help.entity.HelpBean">
        update ${schema}.t_help 
            set title = #{title},
            province_val = #{province_val},
            province = #{province},
            city = #{city},
            city_val = #{city_val},
            content = #{content},
            createTime = SYSDATE()
        where
            id = #{id}
    </update>
   <select id="selectHelp"  parameterType="string"  resultType="com.yuanneng.book.help.entity.HelpBean">
    SELECT
        id
,title
,province
,province_val
,city_val
,city
,answer
,content
,status
,delFlg
,createTime
,createUser
,confirmTIme
,confirmUser


    FROM
      t_help
      
      where
        delFlg = 0
      and
        createUser=#{userId}
      
    order by createTime DESC
  </select>
  <select id="selectHelpDetail" parameterType="string" resultType="com.yuanneng.book.help.entity.HelpBean">
    SELECT
        id
,title
,province
,province_val
,city_val
,city
,answer
,content
,status
,delFlg
,createTime
,createUser
,confirmTIme
,confirmUser


    FROM
      t_help
      
      where
        delFlg = 0
        and
        id=#{id}

  </select>
  <update id="deleteHelp" parameterType="string">
      update
          t_help
      set
        delFlg = 1
        
      where
        id = #{id}
    </update>
  
</mapper>
