<?xml version="1.0" encoding="UTF-8"?>
<!DOCTYPE mapper PUBLIC "-//mybatis.org//DTD Mapper 3.0//EN" "http://mybatis.org/dtd/mybatis-3-mapper.dtd">
<mapper namespace="com.yuanneng.book.article.dao.IArticleDao">
   <!-- ************************用户sql******************************* -->
  <!-- 插入信息-->
    <insert id="insertArticle" parameterType="com.yuanneng.book.article.entity.ArticleBean">
        INSERT INTO ${schema}.t_article (
            id
,title
,province_val
,province
,city_val
,city
,content
,status
,delFlg
,createTime
,createUser

         ) VALUES (
            #{id},
            #{title},
           #{province_val},
            #{province},
            #{city_val},
            #{city},
            #{content},
            0,
            0,
            SYSDATE(),
            #{createUser}
        )
    </insert>
    <update id="updateArticle" parameterType="com.yuanneng.book.article.entity.ArticleBean">
        update ${schema}.t_article 
            set title = #{title},
            province_val = #{province_val},
            province = #{province},
            city = #{city},
            city_val = #{city_val},
            content = #{content},
            createTime = SYSDATE()
        where
            id = #{id}
    </update>
   <select id="selectArticle" parameterType="string"  resultType="com.yuanneng.book.article.entity.ArticleBean">
    SELECT
        id
,title
,province
,province_val
,city_val
,city
,content
,status
,delFlg
,createTime
,createUser
,confirmTIme
,confirmUser


    FROM
      t_article
      
      where
        delFlg = 0
      and
          createUser=#{userId}
      

    order by createTime DESC
  </select>
  <select id="selectArticleDetail" parameterType="string" resultType="com.yuanneng.book.article.entity.ArticleBean">
    SELECT
        id
,title
,province
,province_val
,city_val
,city
,content
,status
,delFlg
,createTime
,createUser
,confirmTIme
,confirmUser


    FROM
      t_article
      
      where
        delFlg = 0
        and
        id=#{id}

  </select>
  <update id="deleteArticle" parameterType="string">
      update
          t_article
      set
        delFlg = 1
        
      where
        id = #{id}
    </update>
  
</mapper>
