<?xml version="1.0" encoding="UTF-8"?>
<!DOCTYPE mapper PUBLIC "-//mybatis.org//DTD Mapper 3.0//EN" "http://mybatis.org/dtd/mybatis-3-mapper.dtd">
<mapper namespace="com.yuanneng.book.manage.systemInfo.dao.ISystemInfoDao">
   <!-- ************************用户sql******************************* -->
   <!-- 条件检索用户信息 -->
  <select id="getSystemInfo"  resultType="com.yuanneng.book.manage.systemInfo.entity.SystemInfoBean">
    SELECT
        t1.id as id,
        t1.k as `key`,
        t1.value as value,
        t1.keyword as keyword,
        t1.name as name
    FROM
      t_manage_system_info t1
    <where>
    
    <if test="name != null and name != ''">
        and t1.name like CONCAT('%', #{name},'%')
    </if>
    <if test="key != null and key != ''">
        and t1.k = #{key}
    </if>
    </where>
  </select>
  
</mapper>
