﻿<?xml version="1.0" encoding="UTF-8"?>
<!DOCTYPE struts PUBLIC "-//Apache Software Foundation//DTD Struts Configuration 2.1//EN"
    "http://struts.apache.org/dtds/struts-2.1.dtd">

<struts>
    <!-- 修改上传的最大文件大小：10MB -->
    <constant name="struts.multipart.maxSize" value="104857600"/>
    <!-- 登录action -->
    <package name="login" extends="gsp-struts-default" namespace="/">
        <action name="login" class="com.yuanneng.book.common.action.LoginAction" method="execute">
            <result name="success">
                <param name="location">/pages/login.jsp</param>
            </result>
        </action>
    <!-- 退出Aciton -->
        <action name="logoff" class="com.yuanneng.book.common.action.LogoffAction" method="execute">
            <result name="success">
                <param name="location">/pages/login.jsp</param>
            </result>
        </action>
        <action name="adminlogin" class="com.yuanneng.book.common.action.AdminLoginAction" method="execute">
            <result name="success">
                <param name="location">/pages/admin/adminlogin.jsp</param>
            </result>
        </action>
        <action name="adminlogoff" class="com.yuanneng.book.common.action.LogoffAction" method="execute">
            <result name="success">
                <param name="location">/pages/admin/adminlogin.jsp</param>
            </result>
        </action>
    </package>
</struts>