<?xml version="1.0" encoding="UTF-8"?>
<!DOCTYPE struts PUBLIC "-//Apache Software Foundation//DTD Struts Configuration 2.1//EN"
        "http://struts.apache.org/dtds/struts-2.1.dtd">

<struts>
    <!-- ognl标签调用静态方法等 -->
    <constant name="struts.ognl.allowStaticMethodAccess" value="true" />
    <constant name="struts.i18n.encoding" value="UTF-8" />
    <constant name="struts.custom.i18n.resources" value="messages/book-messages" />
    <constant name="struts.objectFactory.spring.autoWire.alwaysRespect"
        value="true" />
    <!-- global配置 -->
    <package name="gsp-struts-default-father" extends="struts-default" namespace="/">
        <default-action-ref name="notFound"></default-action-ref>
        <action name="notFound" class="urlNotFoundHandler" method="execute">
            <result name="success">
                <param name="location">/pages/error/notFound.jsp</param>
            </result>
        </action>
    </package>
    <package name="gsp-struts-default" extends="gsp-struts-default-father" namespace="/common">
        <global-results>
            <result name="exHandler" type="chain">
                <param name="actionName">errorProcessor</param>
            </result>
        </global-results>
        <global-exception-mappings>
            <exception-mapping exception="com.yuanneng.book.common.exception.BASEException" result="exHandler" />
            <exception-mapping exception="java.lang.Exception" result="exHandler" />
        </global-exception-mappings>
        <action name="errorProcessor" class="baseExceptionHandler">
            <result name="success">/pages/error/error.jsp</result>
        </action>
        <!-- 异步的error画面 -->
        <action name="error">
            <result name="success" type="dispatcher">
                <param name="location">/pages/error/error.jsp</param>
            </result>
        </action>
    </package>
    <package name="gsp-json-default" extends="json-default" namespace="/common">
        <global-results>
            <result name="exHandler" type="chain">
                <param name="actionName">asyncErrorProcessor</param>
            </result>
        </global-results>
        <global-exception-mappings>
            <exception-mapping exception="com.yuanneng.book.common.exception.BASEException" result="exHandler" />
            <exception-mapping exception="java.lang.Exception" result="exHandler" />
        </global-exception-mappings>
        <action name="asyncErrorProcessor" class="baseExceptionHandler">
            <result name="success">/pages/error/error.jsp</result>
        </action>
    </package>
    <include file="struts/struts_*.xml" />
</struts>
