<?xml version="1.0" encoding="UTF-8"?>
<!DOCTYPE struts PUBLIC "-//Apache Software Foundation//DTD Struts Configuration 2.1//EN"
    "http://struts.apache.org/dtds/struts-2.1.dtd">

<struts>
    <!-- 登录action -->
    <package name="systemInfo" extends="gsp-struts-default" namespace="/systemInfo">
        <action name="systemInfo" class="com.yuanneng.book.manage.systemInfo.action.SystemInfoAction" >
            <result name="success">
                <param name="location">/pages/admin/xitongshezhi.jsp</param>
            </result>
        </action>
        
    </package>
       
</struts>