<?xml version="1.0" encoding="UTF-8"?>
<!DOCTYPE struts PUBLIC "-//Apache Software Foundation//DTD Struts Configuration 2.1//EN"
    "http://struts.apache.org/dtds/struts-2.1.dtd">

<struts>
    <package name="sale" extends="gsp-struts-default" namespace="/sale">
        <action name="saleAction" class="com.yuanneng.book.manage.sale.action.SaleAction" >
            <result name="success">
                <param name="location">/pages/admin/xiaoshou.jsp</param>
            </result>
        </action>
        <action name="salePageLinks" class="com.yuanneng.book.manage.sale.action.SalePageLinkAction" >
            <result name="success">
                <param name="location">/pages/admin/xiaoshou.jsp</param>
            </result>
        </action>
        <action name="saleSort" class="com.yuanneng.book.manage.sale.action.SaleOrderAction" >
            <result name="success">
                <param name="location">/pages/admin/xiaoshou.jsp</param>
            </result>
        </action>
        <action name="exportExcel" class="com.yuanneng.book.manage.sale.action.SaleExportExcelAction" method="execute">
            <result name="success" type="stream">
                <param name="contentType">application/vnd.ms-excel</param>
                <param name="inputName">excelStream</param>
                <param name="contentDisposition">attachment;filename="${downloadFileName}"</param>
                <param name="bufferSize">1024</param>
            </result>
        </action>
    </package>
    
</struts>