<?xml version="1.0" encoding="UTF-8"?>
<!DOCTYPE struts PUBLIC "-//Apache Software Foundation//DTD Struts Configuration 2.1//EN"
        "http://struts.apache.org/dtds/struts-2.1.dtd">

<struts>
  <!-- sysmanage的ACTION -->
  <package name="sysmanage" extends="gsp-struts-default" namespace="/sysmanage">
    <!-- ********************用户登录配置***************************** -->
    <!-- ********************用户登录配置***************************** -->
    <!-- ********************用户登录配置***************************** -->
    <!-- 用户登录ACTION -->
    <action name="userLogin" class="com.yuanneng.book.sysmanage.action.useraction.UserLoginAction">
    <result name="success" type="redirectAction">
                <param name="actionName">../bookScan/bookScanAction.action</param>
            </result>
      
      <result name="error">
        <param name="location">/pages/login.jsp</param>
      </result>
      <result name="input">
        <param name="location">/pages/login.jsp</param>
      </result>
    </action>
    <action name="userLogin2" class="com.yuanneng.book.sysmanage.action.useraction.UserLogin2Action">
    <result name="success" type="redirectAction">
                <param name="actionName">../tourist/touristAction.action</param>
    </result>
    </action>
   
    </package>
  <!-- 异步请求 -->
  <package name="sysuser" extends="gsp-json-default" namespace="/sysuser">
    <!-- 用户登录验证码ACTION -->
    <action name="authCode" class="com.yuanneng.book.sysmanage.action.useraction.AuthCodeAction">
        <result type="stream">
             <param name="contentType">image/jpeg</param>
             <param name="inputName">inputStream</param>
        </result> 
    </action>
    
   </package>
</struts>